geo_code,geo_label,year,age_group,pct_basic_or_above_digital_skills,flag,flag_desc
EU27_2020,European Union - 27 countries (from 2020),2021,All individuals (16-74),53.92,,
EU27_2020,European Union - 27 countries (from 2020),2023,All individuals (16-74),55.56,,
EU27_2020,European Union - 27 countries (from 2020),2025,All individuals (16-74),60.4,,
EA,Euro area,2021,All individuals (16-74),56.34,,
EA,Euro area,2023,All individuals (16-74),57.57,,
EA,Euro area,2025,All individuals (16-74),62.6,,
BE,Belgium,2021,All individuals (16-74),54.23,,
BE,Belgium,2023,All individuals (16-74),59.39,,
BE,Belgium,2025,All individuals (16-74),61.22,,
BG,Bulgaria,2021,All individuals (16-74),31.18,,
BG,Bulgaria,2023,All individuals (16-74),35.52,,
BG,Bulgaria,2025,All individuals (16-74),38.26,,
CZ,Czechia,2021,All individuals (16-74),59.69,,
CZ,Czechia,2023,All individuals (16-74),69.11,,
CZ,Czechia,2025,All individuals (16-74),70.45,,
DK,Denmark,2021,All individuals (16-74),68.65,,
DK,Denmark,2023,All individuals (16-74),69.62,,
DK,Denmark,2025,All individuals (16-74),81.45,,
DE,Germany,2021,All individuals (16-74),48.92,,
DE,Germany,2023,All individuals (16-74),52.22,,
DE,Germany,2025,All individuals (16-74),59.55,,
EE,Estonia,2021,All individuals (16-74),56.37,,
EE,Estonia,2023,All individuals (16-74),62.61,,
EE,Estonia,2025,All individuals (16-74),62.52,,
IE,Ireland,2021,All individuals (16-74),70.49,,
IE,Ireland,2023,All individuals (16-74),72.91,,
IE,Ireland,2025,All individuals (16-74),82.82,,
EL,Greece,2021,All individuals (16-74),52.48,,
EL,Greece,2023,All individuals (16-74),52.4,,
EL,Greece,2025,All individuals (16-74),50.96,,
ES,Spain,2021,All individuals (16-74),64.16,,
ES,Spain,2023,All individuals (16-74),66.18,,
ES,Spain,2025,All individuals (16-74),66.5,,
FR,France,2021,All individuals (16-74),61.96,,
FR,France,2023,All individuals (16-74),59.67,,
FR,France,2025,All individuals (16-74),65.74,,
HR,Croatia,2021,All individuals (16-74),63.37,,
HR,Croatia,2023,All individuals (16-74),58.95,,
HR,Croatia,2025,All individuals (16-74),63.38,,
IT,Italy,2021,All individuals (16-74),45.6,,
IT,Italy,2023,All individuals (16-74),45.75,,
IT,Italy,2025,All individuals (16-74),54.27,,
CY,Cyprus,2021,All individuals (16-74),50.21,,
CY,Cyprus,2023,All individuals (16-74),49.46,,
CY,Cyprus,2025,All individuals (16-74),55.75,,
LV,Latvia,2021,All individuals (16-74),50.8,,
LV,Latvia,2023,All individuals (16-74),45.34,,
LV,Latvia,2025,All individuals (16-74),48.43,,
LT,Lithuania,2021,All individuals (16-74),48.84,,
LT,Lithuania,2023,All individuals (16-74),52.91,,
LT,Lithuania,2025,All individuals (16-74),53.8,,
LU,Luxembourg,2021,All individuals (16-74),63.79,,
LU,Luxembourg,2023,All individuals (16-74),60.14,,
LU,Luxembourg,2025,All individuals (16-74),62.4,,
HU,Hungary,2021,All individuals (16-74),49.09,,
HU,Hungary,2023,All individuals (16-74),58.89,,
HU,Hungary,2025,All individuals (16-74),57.32,,
MT,Malta,2021,All individuals (16-74),61.23,,
MT,Malta,2023,All individuals (16-74),62.78,,
MT,Malta,2025,All individuals (16-74),66.8,,
NL,Netherlands,2021,All individuals (16-74),78.94,,
NL,Netherlands,2023,All individuals (16-74),82.7,,
NL,Netherlands,2025,All individuals (16-74),83.61,,
AT,Austria,2021,All individuals (16-74),63.33,,
AT,Austria,2023,All individuals (16-74),64.68,,
AT,Austria,2025,All individuals (16-74),69.77,,
PL,Poland,2021,All individuals (16-74),42.93,,
PL,Poland,2023,All individuals (16-74),44.3,,
PL,Poland,2025,All individuals (16-74),50.42,,
PT,Portugal,2021,All individuals (16-74),55.31,,
PT,Portugal,2023,All individuals (16-74),55.97,,
PT,Portugal,2025,All individuals (16-74),59.15,,
RO,Romania,2021,All individuals (16-74),27.82,,
RO,Romania,2023,All individuals (16-74),27.73,,
RO,Romania,2025,All individuals (16-74),31.84,,
SI,Slovenia,2021,All individuals (16-74),49.67,,
SI,Slovenia,2023,All individuals (16-74),46.7,,
SI,Slovenia,2025,All individuals (16-74),46.5,,
SK,Slovakia,2021,All individuals (16-74),55.18,,
SK,Slovakia,2023,All individuals (16-74),51.31,,
SK,Slovakia,2025,All individuals (16-74),53.56,,
FI,Finland,2021,All individuals (16-74),79.18,,
FI,Finland,2023,All individuals (16-74),81.99,,
FI,Finland,2025,All individuals (16-74),80.98,,
SE,Sweden,2021,All individuals (16-74),66.6,,
SE,Sweden,2023,All individuals (16-74),66.44,,
SE,Sweden,2025,All individuals (16-74),69.99,,
IS,Iceland,2021,All individuals (16-74),80.99,,
NO,Norway,2021,All individuals (16-74),78.71,,
NO,Norway,2023,All individuals (16-74),81.09,,
NO,Norway,2025,All individuals (16-74),79.8,,
CH,Switzerland,2021,All individuals (16-74),77.79,,
CH,Switzerland,2023,All individuals (16-74),77.52,,
CH,Switzerland,2025,All individuals (16-74),78.01,,
BA,Bosnia and Herzegovina,2021,All individuals (16-74),34.65,,
BA,Bosnia and Herzegovina,2023,All individuals (16-74),30.08,,
BA,Bosnia and Herzegovina,2025,All individuals (16-74),36.25,,
ME,Montenegro,2021,All individuals (16-74),47.21,,
ME,Montenegro,2023,All individuals (16-74),52.02,,
ME,Montenegro,2025,All individuals (16-74),44.2,,
MK,North Macedonia,2021,All individuals (16-74),34.62,,
MK,North Macedonia,2025,All individuals (16-74),28.5,,
AL,Albania,2021,All individuals (16-74),23.8,,
AL,Albania,2023,All individuals (16-74),23.32,,
AL,Albania,2025,All individuals (16-74),27.65,,
RS,Serbia,2021,All individuals (16-74),41.3,,
RS,Serbia,2023,All individuals (16-74),33.61,,
RS,Serbia,2025,All individuals (16-74),42.02,,
TR,Türkiye,2021,All individuals (16-74),30.12,,
TR,Türkiye,2023,All individuals (16-74),33.11,,
TR,Türkiye,2025,All individuals (16-74),31.49,,
XK,Kosovo*,2025,All individuals (16-74),75.59,,
EU27_2020,European Union - 27 countries (from 2020),2021,16-24,71.17,,
EU27_2020,European Union - 27 countries (from 2020),2023,16-24,69.98,,
EU27_2020,European Union - 27 countries (from 2020),2025,16-24,74.55,,
EA,Euro area,2021,16-24,72.3,,
EA,Euro area,2023,16-24,71.05,,
EA,Euro area,2025,16-24,75.18,,
BE,Belgium,2021,16-24,67.08,,
BE,Belgium,2023,16-24,67.98,,
BE,Belgium,2025,16-24,73.09,,
BG,Bulgaria,2021,16-24,51.0,,
BG,Bulgaria,2023,16-24,53.15,,
BG,Bulgaria,2025,16-24,52.81,,
CZ,Czechia,2021,16-24,83.23,,
CZ,Czechia,2023,16-24,92.71,,
CZ,Czechia,2025,16-24,91.68,,
DK,Denmark,2021,16-24,81.06,,
DK,Denmark,2023,16-24,79.15,,
DK,Denmark,2025,16-24,92.06,,
DE,Germany,2021,16-24,57.68,,
DE,Germany,2023,16-24,55.69,,
DE,Germany,2025,16-24,62.34,,
EE,Estonia,2021,16-24,79.15,,
EE,Estonia,2023,16-24,86.84,,
EE,Estonia,2025,16-24,80.91,,
IE,Ireland,2023,16-24,69.56,,
IE,Ireland,2025,16-24,85.5,,
EL,Greece,2021,16-24,87.78,,
EL,Greece,2023,16-24,77.64,,
EL,Greece,2025,16-24,79.24,,
ES,Spain,2021,16-24,84.87,,
ES,Spain,2023,16-24,83.56,,
ES,Spain,2025,16-24,82.55,,
FR,France,2021,16-24,80.5,,
FR,France,2023,16-24,76.7,,
FR,France,2025,16-24,80.42,,
HR,Croatia,2021,16-24,87.79,,
HR,Croatia,2023,16-24,86.33,,
HR,Croatia,2025,16-24,89.09,,
IT,Italy,2021,16-24,60.03,,
IT,Italy,2023,16-24,59.07,,
IT,Italy,2025,16-24,68.5,,
CY,Cyprus,2021,16-24,73.11,,
CY,Cyprus,2023,16-24,71.82,,
CY,Cyprus,2025,16-24,63.86,,
LV,Latvia,2021,16-24,79.65,,
LV,Latvia,2023,16-24,65.74,,
LV,Latvia,2025,16-24,65.36,,
LT,Lithuania,2021,16-24,73.67,,
LT,Lithuania,2023,16-24,81.28,,
LT,Lithuania,2025,16-24,80.66,,
LU,Luxembourg,2021,16-24,68.9,,
LU,Luxembourg,2023,16-24,59.66,,
LU,Luxembourg,2025,16-24,63.62,,
HU,Hungary,2021,16-24,68.57,,
HU,Hungary,2023,16-24,76.86,,
HU,Hungary,2025,16-24,76.32,,
MT,Malta,2021,16-24,93.3,,
MT,Malta,2023,16-24,93.45,,
MT,Malta,2025,16-24,91.52,,
NL,Netherlands,2021,16-24,85.56,,
NL,Netherlands,2023,16-24,91.13,,
NL,Netherlands,2025,16-24,88.51,,
AT,Austria,2021,16-24,79.14,,
AT,Austria,2023,16-24,74.41,,
AT,Austria,2025,16-24,78.04,,
PL,Poland,2021,16-24,68.55,,
PL,Poland,2023,16-24,62.56,,
PL,Poland,2025,16-24,73.64,,
PT,Portugal,2021,16-24,86.2,,
PT,Portugal,2023,16-24,82.64,,
PT,Portugal,2025,16-24,83.37,,
RO,Romania,2021,16-24,47.47,,
RO,Romania,2023,16-24,47.19,,
RO,Romania,2025,16-24,53.28,,
SI,Slovenia,2021,16-24,63.44,,
SI,Slovenia,2023,16-24,73.07,,
SI,Slovenia,2025,16-24,67.45,,
SK,Slovakia,2021,16-24,71.69,,
SK,Slovakia,2023,16-24,70.58,,
SK,Slovakia,2025,16-24,80.53,,
FI,Finland,2021,16-24,93.05,,
FI,Finland,2023,16-24,93.77,,
FI,Finland,2025,16-24,89.87,,
SE,Sweden,2021,16-24,76.21,,
SE,Sweden,2023,16-24,67.57,,
SE,Sweden,2025,16-24,74.16,,
IS,Iceland,2021,16-24,90.68,,
NO,Norway,2021,16-24,85.92,,
NO,Norway,2023,16-24,86.11,,
NO,Norway,2025,16-24,81.03,,
CH,Switzerland,2021,16-24,88.09,,
CH,Switzerland,2023,16-24,88.01,,
CH,Switzerland,2025,16-24,84.8,,
BA,Bosnia and Herzegovina,2021,16-24,76.96,,
BA,Bosnia and Herzegovina,2023,16-24,72.99,,
BA,Bosnia and Herzegovina,2025,16-24,70.78,,
ME,Montenegro,2021,16-24,72.8,,
ME,Montenegro,2023,16-24,72.7,,
ME,Montenegro,2025,16-24,62.4,,
MK,North Macedonia,2021,16-24,59.44,,
MK,North Macedonia,2025,16-24,44.47,,
AL,Albania,2021,16-24,51.3,,
AL,Albania,2023,16-24,50.78,,
AL,Albania,2025,16-24,61.15,,
RS,Serbia,2021,16-24,66.22,,
RS,Serbia,2023,16-24,48.52,,
RS,Serbia,2025,16-24,77.05,,
TR,Türkiye,2021,16-24,51.69,,
TR,Türkiye,2023,16-24,53.04,,
TR,Türkiye,2025,16-24,46.33,,
XK,Kosovo*,2025,16-24,93.13,,
EU27_2020,European Union - 27 countries (from 2020),2021,25-54,62.14,,
EU27_2020,European Union - 27 countries (from 2020),2023,25-54,64.0,,
EU27_2020,European Union - 27 countries (from 2020),2025,25-54,68.57,,
EA,Euro area,2021,25-54,64.47,,
EA,Euro area,2023,25-54,65.77,,
EA,Euro area,2025,25-54,70.43,,
BE,Belgium,2021,25-54,62.95,,
BE,Belgium,2023,25-54,66.23,,
BE,Belgium,2025,25-54,67.77,,
BG,Bulgaria,2021,25-54,39.06,,
BG,Bulgaria,2023,25-54,46.1,,
BG,Bulgaria,2025,25-54,48.42,,
CZ,Czechia,2021,25-54,70.58,,
CZ,Czechia,2023,25-54,79.7,,
CZ,Czechia,2025,25-54,82.24,,
DK,Denmark,2021,25-54,75.59,,
DK,Denmark,2023,25-54,75.72,,
DK,Denmark,2025,25-54,86.89,,
DE,Germany,2021,25-54,55.9,,
DE,Germany,2023,25-54,60.22,,
DE,Germany,2025,25-54,66.43,,
EE,Estonia,2021,25-54,68.26,,
EE,Estonia,2023,25-54,73.47,,
EE,Estonia,2025,25-54,74.65,,
IE,Ireland,2021,25-54,79.76,,
IE,Ireland,2023,25-54,85.24,,
IE,Ireland,2025,25-54,85.37,,
EL,Greece,2021,25-54,65.33,,
EL,Greece,2023,25-54,64.63,,
EL,Greece,2025,25-54,58.78,,
ES,Spain,2021,25-54,72.99,,
ES,Spain,2023,25-54,74.67,,
ES,Spain,2025,25-54,74.51,,
FR,France,2021,25-54,69.22,,
FR,France,2023,25-54,66.34,,
FR,France,2025,25-54,73.11,,
HR,Croatia,2021,25-54,80.12,,
HR,Croatia,2023,25-54,74.35,,
HR,Croatia,2025,25-54,76.86,,
IT,Italy,2021,25-54,53.96,,
IT,Italy,2023,25-54,53.78,,
IT,Italy,2025,25-54,63.2,,
CY,Cyprus,2021,25-54,58.35,,
CY,Cyprus,2023,25-54,59.63,,
CY,Cyprus,2025,25-54,66.98,,
LV,Latvia,2021,25-54,61.51,,
LV,Latvia,2023,25-54,55.88,,
LV,Latvia,2025,25-54,58.84,,
LT,Lithuania,2021,25-54,60.06,,
LT,Lithuania,2023,25-54,64.89,,
LT,Lithuania,2025,25-54,67.23,,
LU,Luxembourg,2021,25-54,68.51,,
LU,Luxembourg,2023,25-54,66.55,,
LU,Luxembourg,2025,25-54,68.67,,
HU,Hungary,2021,25-54,57.49,,
HU,Hungary,2023,25-54,67.92,,
HU,Hungary,2025,25-54,65.66,,
MT,Malta,2021,25-54,72.45,,
MT,Malta,2023,25-54,71.54,,
MT,Malta,2025,25-54,75.67,,
NL,Netherlands,2021,25-54,83.9,,
NL,Netherlands,2023,25-54,86.98,,
NL,Netherlands,2025,25-54,88.71,,
AT,Austria,2021,25-54,70.38,,
AT,Austria,2023,25-54,72.11,,
AT,Austria,2025,25-54,76.41,,
PL,Poland,2021,25-54,53.34,,
PL,Poland,2023,25-54,56.72,,
PL,Poland,2025,25-54,62.03,,
PT,Portugal,2021,25-54,66.43,,
PT,Portugal,2023,25-54,67.83,,
PT,Portugal,2025,25-54,71.89,,
RO,Romania,2021,25-54,33.67,,
RO,Romania,2023,25-54,33.54,,
RO,Romania,2025,25-54,39.14,,
SI,Slovenia,2021,25-54,58.16,,
SI,Slovenia,2023,25-54,54.74,,
SI,Slovenia,2025,25-54,56.38,,
SK,Slovakia,2021,25-54,64.48,,
SK,Slovakia,2023,25-54,59.89,,
SK,Slovakia,2025,25-54,61.59,,
FI,Finland,2021,25-54,88.48,,
FI,Finland,2023,25-54,92.06,,
FI,Finland,2025,25-54,90.21,,
SE,Sweden,2021,25-54,74.44,,
SE,Sweden,2023,25-54,74.79,,
SE,Sweden,2025,25-54,77.64,,
IS,Iceland,2021,25-54,86.97,,
NO,Norway,2021,25-54,85.08,,
NO,Norway,2023,25-54,86.65,,
NO,Norway,2025,25-54,85.36,,
CH,Switzerland,2021,25-54,82.81,,
CH,Switzerland,2023,25-54,82.43,,
CH,Switzerland,2025,25-54,84.28,,
BA,Bosnia and Herzegovina,2021,25-54,52.12,,
BA,Bosnia and Herzegovina,2023,25-54,48.59,,
BA,Bosnia and Herzegovina,2025,25-54,53.43,,
ME,Montenegro,2021,25-54,56.34,,
ME,Montenegro,2023,25-54,64.26,,
ME,Montenegro,2025,25-54,45.18,,
MK,North Macedonia,2021,25-54,40.61,,
MK,North Macedonia,2025,25-54,35.7,,
AL,Albania,2021,25-54,26.32,,
AL,Albania,2023,25-54,27.03,,
AL,Albania,2025,25-54,35.95,,
RS,Serbia,2021,25-54,55.07,,
RS,Serbia,2023,25-54,44.16,,
RS,Serbia,2025,25-54,49.79,,
TR,Türkiye,2021,25-54,33.17,,
TR,Türkiye,2023,25-54,37.17,,
TR,Türkiye,2025,25-54,36.67,,
XK,Kosovo*,2025,25-54,82.78,,
EU27_2020,European Union - 27 countries (from 2020),2021,55-74,34.62,,
EU27_2020,European Union - 27 countries (from 2020),2023,55-74,37.05,,
EU27_2020,European Union - 27 countries (from 2020),2025,55-74,42.6,,
EA,Euro area,2021,55-74,37.98,,
EA,Euro area,2023,55-74,39.95,,
EA,Euro area,2025,55-74,46.19,,
BE,Belgium,2021,55-74,34.1,,
BE,Belgium,2023,55-74,44.6,,
BE,Belgium,2025,55-74,46.15,,
BG,Bulgaria,2021,55-74,12.67,,
BG,Bulgaria,2023,55-74,15.31,,
BG,Bulgaria,2025,55-74,19.57,,
CZ,Czechia,2021,55-74,32.45,,
CZ,Czechia,2023,55-74,42.11,,
CZ,Czechia,2025,55-74,41.68,,
DK,Denmark,2021,55-74,51.71,,
DK,Denmark,2023,55-74,55.39,,
DK,Denmark,2025,55-74,67.81,,
DE,Germany,2021,55-74,36.18,,
DE,Germany,2023,55-74,39.48,,
DE,Germany,2025,55-74,48.95,,
EE,Estonia,2021,55-74,27.69,,
EE,Estonia,2023,55-74,34.45,,
EE,Estonia,2025,55-74,34.16,,
IE,Ireland,2021,55-74,55.14,,
IE,Ireland,2023,55-74,47.05,,
IE,Ireland,2025,55-74,75.57,,
EL,Greece,2021,55-74,21.9,,
EL,Greece,2023,55-74,24.22,,
EL,Greece,2025,55-74,29.74,,
ES,Spain,2021,55-74,40.57,,
ES,Spain,2023,55-74,44.98,,
ES,Spain,2025,55-74,46.87,,
FR,France,2021,55-74,42.93,,
FR,France,2023,55-74,41.76,,
FR,France,2025,55-74,48.22,,
HR,Croatia,2021,55-74,31.04,,
HR,Croatia,2023,55-74,27.26,,
HR,Croatia,2025,55-74,34.99,,
IT,Italy,2021,55-74,28.56,,
IT,Italy,2023,55-74,30.09,,
IT,Italy,2025,55-74,37.53,,
CY,Cyprus,2021,55-74,21.85,,
CY,Cyprus,2023,55-74,18.39,,
CY,Cyprus,2025,55-74,30.73,,
LV,Latvia,2021,55-74,24.95,,
LV,Latvia,2023,55-74,22.52,,
LV,Latvia,2025,55-74,27.18,,
LT,Lithuania,2021,55-74,21.86,,
LT,Lithuania,2023,55-74,24.82,,
LT,Lithuania,2025,55-74,23.94,,
LU,Luxembourg,2021,55-74,50.77,,
LU,Luxembourg,2023,55-74,46.42,,
LU,Luxembourg,2025,55-74,48.93,,
HU,Hungary,2021,55-74,26.71,,
HU,Hungary,2023,55-74,36.01,,
HU,Hungary,2025,55-74,35.78,,
MT,Malta,2021,55-74,25.62,,
MT,Malta,2023,55-74,30.3,,
MT,Malta,2025,55-74,34.14,,
NL,Netherlands,2021,55-74,68.37,,
NL,Netherlands,2023,55-74,72.23,,
NL,Netherlands,2025,55-74,73.61,,
AT,Austria,2021,55-74,45.33,,
AT,Austria,2023,55-74,48.88,,
AT,Austria,2025,55-74,56.41,,
PL,Poland,2021,55-74,16.78,,
PL,Poland,2023,55-74,18.44,,
PL,Poland,2025,55-74,21.99,,
PT,Portugal,2021,55-74,26.33,,
PT,Portugal,2023,55-74,28.18,,
PT,Portugal,2025,55-74,31.86,,
RO,Romania,2021,55-74,8.93,,
RO,Romania,2023,55-74,10.56,,
RO,Romania,2025,55-74,12.84,,
SI,Slovenia,2021,55-74,31.55,,
SI,Slovenia,2023,55-74,25.7,,
SI,Slovenia,2025,55-74,24.43,,
SK,Slovakia,2021,55-74,31.59,,
SK,Slovakia,2023,55-74,29.09,,
SK,Slovakia,2025,55-74,30.52,,
FI,Finland,2021,55-74,60.31,,
FI,Finland,2023,55-74,62.24,,
FI,Finland,2025,55-74,63.24,,
SE,Sweden,2021,55-74,48.36,,
SE,Sweden,2023,55-74,51.14,,
SE,Sweden,2025,55-74,54.67,,
IS,Iceland,2021,55-74,63.47,,
NO,Norway,2021,55-74,63.34,,
NO,Norway,2023,55-74,68.43,,
NO,Norway,2025,55-74,69.2,,
CH,Switzerland,2021,55-74,64.94,,
CH,Switzerland,2023,55-74,64.99,,
CH,Switzerland,2025,55-74,64.67,,
BA,Bosnia and Herzegovina,2021,55-74,8.17,,
BA,Bosnia and Herzegovina,2023,55-74,5.46,,
BA,Bosnia and Herzegovina,2025,55-74,13.36,,
ME,Montenegro,2021,55-74,23.1,,
ME,Montenegro,2023,55-74,27.56,,
ME,Montenegro,2025,55-74,36.21,,
MK,North Macedonia,2021,55-74,10.09,,
MK,North Macedonia,2025,55-74,10.1,,
AL,Albania,2021,55-74,3.32,,
AL,Albania,2023,55-74,3.56,,
AL,Albania,2025,55-74,4.75,,
RS,Serbia,2021,55-74,10.17,,
RS,Serbia,2023,55-74,12.67,,
RS,Serbia,2025,55-74,16.88,,
TR,Türkiye,2021,55-74,4.88,,
TR,Türkiye,2023,55-74,7.6,,
TR,Türkiye,2025,55-74,8.12,,
XK,Kosovo*,2025,55-74,45.64,,
