geo_code,geo_label,year,age_group,pct_above_basic_digital_skills
EU27_2020,European Union - 27 countries (from 2020),2021,All individuals (16-74),26.46
EU27_2020,European Union - 27 countries (from 2020),2023,All individuals (16-74),27.32
EU27_2020,European Union - 27 countries (from 2020),2025,All individuals (16-74),31.43
EU27_2020,European Union - 27 countries (from 2020),2021,16-24,38.91
EU27_2020,European Union - 27 countries (from 2020),2023,16-24,38.07
EU27_2020,European Union - 27 countries (from 2020),2025,16-24,43.05
EU27_2020,European Union - 27 countries (from 2020),2021,25-54,32.11
EU27_2020,European Union - 27 countries (from 2020),2023,25-54,33.18
EU27_2020,European Union - 27 countries (from 2020),2025,25-54,37.99
EU27_2020,European Union - 27 countries (from 2020),2021,55-74,12.98
EU27_2020,European Union - 27 countries (from 2020),2023,55-74,14.21
EU27_2020,European Union - 27 countries (from 2020),2025,55-74,17.05
EA,Euro area,2021,All individuals (16-74),28.22
EA,Euro area,2023,All individuals (16-74),28.71
EA,Euro area,2025,All individuals (16-74),32.95
EA,Euro area,2021,16-24,40.74
EA,Euro area,2023,16-24,39.38
EA,Euro area,2025,16-24,43.88
EA,Euro area,2021,25-54,34.07
EA,Euro area,2023,25-54,34.67
EA,Euro area,2025,25-54,39.71
EA,Euro area,2021,55-74,14.63
EA,Euro area,2023,55-74,15.58
EA,Euro area,2025,55-74,18.76
AL,Albania,2021,16-24,10.16
AL,Albania,2023,16-24,19.08
AL,Albania,2025,16-24,19.59
AL,Albania,2021,25-54,4.18
AL,Albania,2023,25-54,8.83
AL,Albania,2025,25-54,10.17
AL,Albania,2021,55-74,0.12
AL,Albania,2023,55-74,0.4
AL,Albania,2025,55-74,1.19
AL,Albania,2021,All individuals (16-74),4.01
AL,Albania,2023,All individuals (16-74),7.77
AL,Albania,2025,All individuals (16-74),8.07
AT,Austria,2021,16-24,42.83
AT,Austria,2023,16-24,41.69
AT,Austria,2025,16-24,40.06
AT,Austria,2021,25-54,39.36
AT,Austria,2023,25-54,38.0
AT,Austria,2025,25-54,40.82
AT,Austria,2021,55-74,19.31
AT,Austria,2023,55-74,18.68
AT,Austria,2025,55-74,21.89
AT,Austria,2021,All individuals (16-74),33.28
AT,Austria,2023,All individuals (16-74),32.04
AT,Austria,2025,All individuals (16-74),34.26
BA,Bosnia and Herzegovina,2021,16-24,11.21
BA,Bosnia and Herzegovina,2023,16-24,23.28
BA,Bosnia and Herzegovina,2025,16-24,30.28
BA,Bosnia and Herzegovina,2021,25-54,8.41
BA,Bosnia and Herzegovina,2023,25-54,10.9
BA,Bosnia and Herzegovina,2025,25-54,14.64
BA,Bosnia and Herzegovina,2021,55-74,1.0
BA,Bosnia and Herzegovina,2023,55-74,0.47
BA,Bosnia and Herzegovina,2025,55-74,1.64
BA,Bosnia and Herzegovina,2021,All individuals (16-74),5.35
BA,Bosnia and Herzegovina,2023,All individuals (16-74),6.88
BA,Bosnia and Herzegovina,2025,All individuals (16-74),9.75
BE,Belgium,2021,16-24,32.03
BE,Belgium,2023,16-24,32.99
BE,Belgium,2025,16-24,35.77
BE,Belgium,2021,25-54,33.43
BE,Belgium,2023,25-54,34.78
BE,Belgium,2025,25-54,36.75
BE,Belgium,2021,55-74,12.03
BE,Belgium,2023,55-74,15.67
BE,Belgium,2025,55-74,16.31
BE,Belgium,2021,All individuals (16-74),26.34
BE,Belgium,2023,All individuals (16-74),28.26
BE,Belgium,2025,All individuals (16-74),29.69
BG,Bulgaria,2021,16-24,14.8
BG,Bulgaria,2023,16-24,12.3
BG,Bulgaria,2025,16-24,16.67
BG,Bulgaria,2021,25-54,10.17
BG,Bulgaria,2023,25-54,11.05
BG,Bulgaria,2025,25-54,15.41
BG,Bulgaria,2021,55-74,1.97
BG,Bulgaria,2023,55-74,1.68
BG,Bulgaria,2025,55-74,5.18
BG,Bulgaria,2021,All individuals (16-74),7.82
BG,Bulgaria,2023,All individuals (16-74),7.73
BG,Bulgaria,2025,All individuals (16-74),11.77
CH,Switzerland,2021,16-24,48.4
CH,Switzerland,2023,16-24,48.34
CH,Switzerland,2025,16-24,51.6
CH,Switzerland,2021,25-54,46.57
CH,Switzerland,2023,25-54,48.84
CH,Switzerland,2025,25-54,51.91
CH,Switzerland,2021,55-74,25.95
CH,Switzerland,2023,55-74,29.78
CH,Switzerland,2025,55-74,32.07
CH,Switzerland,2021,All individuals (16-74),40.26
CH,Switzerland,2023,All individuals (16-74),42.69
CH,Switzerland,2025,All individuals (16-74),45.47
CY,Cyprus,2021,16-24,32.29
CY,Cyprus,2023,16-24,31.97
CY,Cyprus,2025,16-24,18.97
CY,Cyprus,2021,25-54,25.15
CY,Cyprus,2023,25-54,31.26
CY,Cyprus,2025,25-54,23.58
CY,Cyprus,2021,55-74,6.55
CY,Cyprus,2023,55-74,8.78
CY,Cyprus,2025,55-74,7.43
CY,Cyprus,2021,All individuals (16-74),20.95
CY,Cyprus,2023,All individuals (16-74),24.96
CY,Cyprus,2025,All individuals (16-74),18.26
CZ,Czechia,2021,16-24,42.3
CZ,Czechia,2023,16-24,55.31
CZ,Czechia,2025,16-24,63.63
CZ,Czechia,2021,25-54,29.73
CZ,Czechia,2023,25-54,43.14
CZ,Czechia,2025,25-54,44.45
CZ,Czechia,2021,55-74,7.83
CZ,Czechia,2023,55-74,14.91
CZ,Czechia,2025,55-74,14.69
CZ,Czechia,2021,All individuals (16-74),24.06
CZ,Czechia,2023,All individuals (16-74),35.48
CZ,Czechia,2025,All individuals (16-74),37.34
DE,Germany,2021,16-24,24.01
DE,Germany,2023,16-24,21.7
DE,Germany,2025,16-24,25.62
DE,Germany,2021,25-54,23.26
DE,Germany,2023,25-54,24.85
DE,Germany,2025,25-54,29.59
DE,Germany,2021,55-74,10.9
DE,Germany,2023,55-74,11.83
DE,Germany,2025,55-74,16.2
DE,Germany,2021,All individuals (16-74),18.84
DE,Germany,2023,All individuals (16-74),19.79
DE,Germany,2025,All individuals (16-74),24.21
DK,Denmark,2021,16-24,42.88
DK,Denmark,2023,16-24,43.65
DK,Denmark,2025,16-24,64.65
DK,Denmark,2021,25-54,45.29
DK,Denmark,2023,25-54,46.36
DK,Denmark,2025,25-54,60.55
DK,Denmark,2021,55-74,22.06
DK,Denmark,2023,55-74,26.12
DK,Denmark,2025,55-74,35.6
DK,Denmark,2021,All individuals (16-74),37.37
DK,Denmark,2023,All individuals (16-74),39.37
DK,Denmark,2025,All individuals (16-74),53.04
EE,Estonia,2021,16-24,47.5
EE,Estonia,2023,16-24,61.08
EE,Estonia,2025,16-24,49.56
EE,Estonia,2021,25-54,35.49
EE,Estonia,2023,25-54,42.89
EE,Estonia,2025,25-54,42.38
EE,Estonia,2021,55-74,7.09
EE,Estonia,2023,55-74,10.86
EE,Estonia,2025,55-74,12.14
EE,Estonia,2021,All individuals (16-74),27.68
EE,Estonia,2023,All individuals (16-74),34.84
EE,Estonia,2025,All individuals (16-74),33.65
EL,Greece,2021,16-24,40.44
EL,Greece,2023,16-24,32.54
EL,Greece,2025,16-24,41.28
EL,Greece,2021,25-54,27.54
EL,Greece,2023,25-54,25.95
EL,Greece,2025,25-54,33.75
EL,Greece,2021,55-74,6.98
EL,Greece,2023,55-74,6.26
EL,Greece,2025,55-74,13.55
EL,Greece,2021,All individuals (16-74),21.7
EL,Greece,2023,All individuals (16-74),20.02
EL,Greece,2025,All individuals (16-74),27.47
ES,Spain,2021,16-24,57.18
ES,Spain,2023,16-24,53.69
ES,Spain,2025,16-24,54.76
ES,Spain,2021,25-54,45.05
ES,Spain,2023,25-54,45.49
ES,Spain,2025,25-54,45.87
ES,Spain,2021,55-74,18.32
ES,Spain,2023,55-74,21.19
ES,Spain,2025,55-74,20.93
ES,Spain,2021,All individuals (16-74),38.06
ES,Spain,2023,All individuals (16-74),38.65
ES,Spain,2025,All individuals (16-74),38.86
FI,Finland,2021,16-24,66.49
FI,Finland,2023,16-24,70.58
FI,Finland,2025,16-24,65.47
FI,Finland,2021,25-54,57.97
FI,Finland,2023,25-54,65.36
FI,Finland,2025,25-54,67.22
FI,Finland,2021,55-74,26.71
FI,Finland,2023,55-74,29.3
FI,Finland,2025,55-74,31.76
FI,Finland,2021,All individuals (16-74),48.13
FI,Finland,2023,All individuals (16-74),53.63
FI,Finland,2025,All individuals (16-74),54.91
FR,France,2021,16-24,50.49
FR,France,2023,16-24,47.78
FR,France,2025,16-24,51.88
FR,France,2021,25-54,36.28
FR,France,2023,25-54,35.47
FR,France,2025,25-54,41.0
FR,France,2021,55-74,15.35
FR,France,2023,55-74,15.39
FR,France,2025,55-74,18.56
FR,France,2021,All individuals (16-74),31.25
FR,France,2023,All individuals (16-74),30.62
FR,France,2025,All individuals (16-74),34.99
HR,Croatia,2021,16-24,50.79
HR,Croatia,2023,16-24,34.41
HR,Croatia,2025,16-24,47.71
HR,Croatia,2021,25-54,42.99
HR,Croatia,2023,25-54,36.76
HR,Croatia,2025,25-54,37.43
HR,Croatia,2021,55-74,7.5
HR,Croatia,2023,55-74,5.81
HR,Croatia,2025,55-74,6.54
HR,Croatia,2021,All individuals (16-74),31.18
HR,Croatia,2023,All individuals (16-74),25.0
HR,Croatia,2025,All individuals (16-74),27.66
HU,Hungary,2021,16-24,32.15
HU,Hungary,2023,16-24,41.57
HU,Hungary,2025,16-24,49.2
HU,Hungary,2021,25-54,27.01
HU,Hungary,2023,25-54,34.46
HU,Hungary,2025,25-54,41.04
HU,Hungary,2021,55-74,7.75
HU,Hungary,2023,55-74,11.75
HU,Hungary,2025,55-74,16.28
HU,Hungary,2021,All individuals (16-74),21.54
HU,Hungary,2023,All individuals (16-74),28.13
HU,Hungary,2025,All individuals (16-74),34.05
IE,Ireland,2021,16-24,41.27
IE,Ireland,2023,16-24,58.7
IE,Ireland,2021,25-54,47.86
IE,Ireland,2023,25-54,53.03
IE,Ireland,2025,25-54,60.19
IE,Ireland,2021,55-74,25.4
IE,Ireland,2023,55-74,24.53
IE,Ireland,2025,55-74,39.09
IE,Ireland,2021,All individuals (16-74),39.69
IE,Ireland,2023,All individuals (16-74),43.82
IE,Ireland,2025,All individuals (16-74),54.41
IS,Iceland,2021,16-24,56.16
IS,Iceland,2021,25-54,53.31
IS,Iceland,2021,55-74,21.02
IS,Iceland,2021,All individuals (16-74),44.77
IT,Italy,2021,16-24,30.64
IT,Italy,2023,16-24,28.75
IT,Italy,2025,16-24,40.9
IT,Italy,2021,25-54,27.52
IT,Italy,2023,25-54,27.09
IT,Italy,2025,25-54,39.37
IT,Italy,2021,55-74,12.5
IT,Italy,2023,55-74,13.21
IT,Italy,2025,55-74,17.8
IT,Italy,2021,All individuals (16-74),22.52
IT,Italy,2023,All individuals (16-74),22.21
IT,Italy,2025,All individuals (16-74),31.51
LT,Lithuania,2021,16-24,40.37
LT,Lithuania,2023,16-24,45.69
LT,Lithuania,2025,16-24,42.57
LT,Lithuania,2021,25-54,29.49
LT,Lithuania,2023,25-54,33.79
LT,Lithuania,2025,25-54,36.45
LT,Lithuania,2021,55-74,6.33
LT,Lithuania,2023,55-74,7.02
LT,Lithuania,2025,55-74,8.02
LT,Lithuania,2021,All individuals (16-74),23.01
LT,Lithuania,2023,All individuals (16-74),25.9
LT,Lithuania,2025,All individuals (16-74),27.33
LU,Luxembourg,2021,16-24,33.22
LU,Luxembourg,2023,16-24,25.94
LU,Luxembourg,2025,16-24,26.41
LU,Luxembourg,2021,25-54,35.91
LU,Luxembourg,2023,25-54,32.56
LU,Luxembourg,2025,25-54,32.9
LU,Luxembourg,2021,55-74,22.02
LU,Luxembourg,2023,55-74,18.54
LU,Luxembourg,2025,55-74,18.95
LU,Luxembourg,2021,All individuals (16-74),31.81
LU,Luxembourg,2023,All individuals (16-74),27.86
LU,Luxembourg,2025,All individuals (16-74),28.12
LV,Latvia,2021,16-24,44.17
LV,Latvia,2023,16-24,29.48
LV,Latvia,2025,16-24,33.72
LV,Latvia,2021,25-54,31.15
LV,Latvia,2023,25-54,22.16
LV,Latvia,2025,25-54,26.57
LV,Latvia,2021,55-74,5.85
LV,Latvia,2023,55-74,3.75
LV,Latvia,2025,55-74,5.96
LV,Latvia,2021,All individuals (16-74),23.79
LV,Latvia,2023,All individuals (16-74),16.55
LV,Latvia,2025,All individuals (16-74),20.14
ME,Montenegro,2021,16-24,25.43
ME,Montenegro,2023,16-24,28.66
ME,Montenegro,2025,16-24,23.01
ME,Montenegro,2021,25-54,10.22
ME,Montenegro,2023,25-54,12.58
ME,Montenegro,2025,25-54,13.0
ME,Montenegro,2021,55-74,0.33
ME,Montenegro,2023,55-74,1.46
ME,Montenegro,2025,55-74,2.3
ME,Montenegro,2021,All individuals (16-74),9.14
ME,Montenegro,2023,All individuals (16-74),10.55
ME,Montenegro,2025,All individuals (16-74),10.72
MK,North Macedonia,2021,16-24,14.1
MK,North Macedonia,2025,16-24,9.65
MK,North Macedonia,2021,25-54,9.74
MK,North Macedonia,2025,25-54,8.57
MK,North Macedonia,2021,55-74,1.95
MK,North Macedonia,2025,55-74,0.78
MK,North Macedonia,2021,All individuals (16-74),8.15
MK,North Macedonia,2025,All individuals (16-74),6.14
MT,Malta,2021,16-24,66.99
MT,Malta,2023,16-24,67.44
MT,Malta,2025,16-24,59.48
MT,Malta,2021,25-54,42.29
MT,Malta,2023,25-54,41.33
MT,Malta,2025,25-54,43.72
MT,Malta,2021,55-74,9.0
MT,Malta,2023,55-74,13.32
MT,Malta,2025,55-74,14.72
MT,Malta,2021,All individuals (16-74),35.49
MT,Malta,2023,All individuals (16-74),36.67
MT,Malta,2025,All individuals (16-74),38.04
NL,Netherlands,2021,16-24,58.11
NL,Netherlands,2023,16-24,65.84
NL,Netherlands,2025,16-24,63.36
NL,Netherlands,2021,25-54,60.32
NL,Netherlands,2023,25-54,61.38
NL,Netherlands,2025,25-54,63.01
NL,Netherlands,2021,55-74,35.76
NL,Netherlands,2023,55-74,38.78
NL,Netherlands,2025,55-74,40.83
NL,Netherlands,2021,All individuals (16-74),51.77
NL,Netherlands,2023,All individuals (16-74),54.53
NL,Netherlands,2025,All individuals (16-74),55.61
NO,Norway,2021,16-24,48.35
NO,Norway,2023,16-24,55.75
NO,Norway,2025,16-24,56.61
NO,Norway,2021,25-54,49.97
NO,Norway,2023,25-54,59.88
NO,Norway,2025,25-54,59.9
NO,Norway,2021,55-74,26.07
NO,Norway,2023,55-74,31.43
NO,Norway,2025,55-74,32.81
NO,Norway,2021,All individuals (16-74),42.59
NO,Norway,2023,All individuals (16-74),50.71
NO,Norway,2025,All individuals (16-74),51.16
PL,Poland,2021,16-24,35.71
PL,Poland,2023,16-24,30.92
PL,Poland,2025,16-24,38.55
PL,Poland,2021,25-54,26.75
PL,Poland,2023,25-54,26.45
PL,Poland,2025,25-54,30.78
PL,Poland,2021,55-74,5.3
PL,Poland,2023,55-74,6.28
PL,Poland,2025,55-74,5.65
PL,Poland,2021,All individuals (16-74),20.64
PL,Poland,2023,All individuals (16-74),20.05
PL,Poland,2025,All individuals (16-74),23.55
PT,Portugal,2021,16-24,48.13
PT,Portugal,2023,16-24,45.32
PT,Portugal,2025,16-24,48.62
PT,Portugal,2021,25-54,36.68
PT,Portugal,2023,25-54,39.38
PT,Portugal,2025,25-54,41.95
PT,Portugal,2021,55-74,8.49
PT,Portugal,2023,55-74,9.97
PT,Portugal,2025,55-74,11.42
PT,Portugal,2021,All individuals (16-74),28.54
PT,Portugal,2023,All individuals (16-74),29.93
PT,Portugal,2025,All individuals (16-74),31.97
RO,Romania,2021,16-24,15.99
RO,Romania,2023,16-24,16.51
RO,Romania,2025,16-24,22.26
RO,Romania,2021,25-54,10.5
RO,Romania,2023,25-54,11.28
RO,Romania,2025,25-54,13.99
RO,Romania,2021,55-74,2.48
RO,Romania,2023,55-74,2.19
RO,Romania,2025,55-74,2.74
RO,Romania,2021,All individuals (16-74),8.73
RO,Romania,2023,All individuals (16-74),8.97
RO,Romania,2025,All individuals (16-74),11.13
RS,Serbia,2021,16-24,24.33
RS,Serbia,2023,16-24,22.28
RS,Serbia,2025,16-24,25.2
RS,Serbia,2021,25-54,15.63
RS,Serbia,2023,25-54,14.34
RS,Serbia,2025,25-54,16.7
RS,Serbia,2021,55-74,2.5
RS,Serbia,2023,55-74,2.91
RS,Serbia,2025,55-74,2.27
RS,Serbia,2021,All individuals (16-74),12.32
RS,Serbia,2023,All individuals (16-74),11.32
RS,Serbia,2025,All individuals (16-74),12.84
SE,Sweden,2021,16-24,41.22
SE,Sweden,2023,16-24,39.67
SE,Sweden,2025,16-24,39.62
SE,Sweden,2021,25-54,43.78
SE,Sweden,2023,25-54,44.98
SE,Sweden,2025,25-54,45.04
SE,Sweden,2021,55-74,18.77
SE,Sweden,2023,55-74,20.05
SE,Sweden,2025,55-74,25.27
SE,Sweden,2021,All individuals (16-74),35.68
SE,Sweden,2023,All individuals (16-74),36.51
SE,Sweden,2025,All individuals (16-74),38.1
SI,Slovenia,2021,16-24,27.48
SI,Slovenia,2023,16-24,31.2
SI,Slovenia,2025,16-24,33.8
SI,Slovenia,2021,25-54,24.95
SI,Slovenia,2023,25-54,24.48
SI,Slovenia,2025,25-54,25.34
SI,Slovenia,2021,55-74,8.79
SI,Slovenia,2023,55-74,6.25
SI,Slovenia,2025,55-74,6.66
SI,Slovenia,2021,All individuals (16-74),19.72
SI,Slovenia,2023,All individuals (16-74),18.88
SI,Slovenia,2025,All individuals (16-74),19.8
SK,Slovakia,2021,16-24,29.28
SK,Slovakia,2023,16-24,36.72
SK,Slovakia,2025,16-24,39.72
SK,Slovakia,2021,25-54,26.2
SK,Slovakia,2023,25-54,26.4
SK,Slovakia,2025,25-54,25.29
SK,Slovakia,2021,55-74,7.61
SK,Slovakia,2023,55-74,8.08
SK,Slovakia,2025,55-74,7.91
SK,Slovakia,2021,All individuals (16-74),20.83
SK,Slovakia,2023,All individuals (16-74),21.7
SK,Slovakia,2025,All individuals (16-74),21.16
TR,Türkiye,2021,16-24,18.2
TR,Türkiye,2023,16-24,17.43
TR,Türkiye,2025,16-24,13.76
TR,Türkiye,2021,25-54,10.65
TR,Türkiye,2023,25-54,12.22
TR,Türkiye,2025,25-54,12.24
TR,Türkiye,2021,55-74,1.17
TR,Türkiye,2023,55-74,1.28
TR,Türkiye,2025,55-74,1.38
TR,Türkiye,2021,All individuals (16-74),9.87
TR,Türkiye,2023,All individuals (16-74),10.61
TR,Türkiye,2025,All individuals (16-74),9.91
XK,Kosovo*,2025,16-24,21.59
XK,Kosovo*,2025,25-54,7.99
XK,Kosovo*,2025,55-74,1.69
XK,Kosovo*,2025,All individuals (16-74),9.14
