geo_code,geo_label,year,pct_households_with_internet,flag,flag_desc
EU27_2020,European Union - 27 countries (from 2020),2007,52.99,,
EU27_2020,European Union - 27 countries (from 2020),2008,58.6,,
EU27_2020,European Union - 27 countries (from 2020),2009,64.15,,
EU27_2020,European Union - 27 countries (from 2020),2010,68.46,,
EU27_2020,European Union - 27 countries (from 2020),2011,71.55,,
EU27_2020,European Union - 27 countries (from 2020),2012,74.54,,
EU27_2020,European Union - 27 countries (from 2020),2013,77.17,,
EU27_2020,European Union - 27 countries (from 2020),2014,79.61,,
EU27_2020,European Union - 27 countries (from 2020),2015,81.37,,
EU27_2020,European Union - 27 countries (from 2020),2016,84.21,,
EU27_2020,European Union - 27 countries (from 2020),2017,85.81,,
EU27_2020,European Union - 27 countries (from 2020),2018,87.94,,
EU27_2020,European Union - 27 countries (from 2020),2019,89.68,,
EU27_2020,European Union - 27 countries (from 2020),2020,91.3,e,estimated
EU27_2020,European Union - 27 countries (from 2020),2021,92.3,b,break in time series
EU27_2020,European Union - 27 countries (from 2020),2022,92.44,,
EU27_2020,European Union - 27 countries (from 2020),2023,93.09,,
EU27_2020,European Union - 27 countries (from 2020),2024,94.19,,
EU27_2020,European Union - 27 countries (from 2020),2025,94.76,,
EU28,European Union - 28 countries (2013-2020),2007,54.65,,
EU28,European Union - 28 countries (2013-2020),2008,60.13,,
EU28,European Union - 28 countries (2013-2020),2009,65.69,,
EU28,European Union - 28 countries (2013-2020),2010,69.85,,
EU28,European Union - 28 countries (2013-2020),2011,72.89,,
EU28,European Union - 28 countries (2013-2020),2012,76.05,,
EU28,European Union - 28 countries (2013-2020),2013,78.54,,
EU28,European Union - 28 countries (2013-2020),2014,80.99,,
EU28,European Union - 28 countries (2013-2020),2015,82.6,,
EU28,European Union - 28 countries (2013-2020),2016,85.38,,
EU28,European Union - 28 countries (2013-2020),2017,86.86,,
EU28,European Union - 28 countries (2013-2020),2018,88.8,,
EU28,European Union - 28 countries (2013-2020),2019,90.48,,
EU27_2007,European Union - 27 countries (2007-2013),2004,40.55,,
EU27_2007,European Union - 27 countries (2007-2013),2005,48.37,,
EU27_2007,European Union - 27 countries (2007-2013),2006,49.09,,
EU27_2007,European Union - 27 countries (2007-2013),2007,54.76,,
EU27_2007,European Union - 27 countries (2007-2013),2008,60.25,,
EU27_2007,European Union - 27 countries (2007-2013),2009,65.81,,
EU27_2007,European Union - 27 countries (2007-2013),2010,69.95,,
EU27_2007,European Union - 27 countries (2007-2013),2011,72.98,,
EU27_2007,European Union - 27 countries (2007-2013),2012,76.12,,
EU27_2007,European Union - 27 countries (2007-2013),2013,78.65,,
EU27_2007,European Union - 27 countries (2007-2013),2014,81.08,,
EU27_2007,European Union - 27 countries (2007-2013),2015,82.64,,
EU27_2007,European Union - 27 countries (2007-2013),2016,85.44,,
EU27_2007,European Union - 27 countries (2007-2013),2017,86.93,,
EU27_2007,European Union - 27 countries (2007-2013),2018,88.85,,
EU25,European Union - 25 countries (2004-2006),2004,42.66,,
EU25,European Union - 25 countries (2004-2006),2005,48.37,,
EU25,European Union - 25 countries (2004-2006),2006,50.99,,
EU25,European Union - 25 countries (2004-2006),2007,56.6,,
EU25,European Union - 25 countries (2004-2006),2008,62.0,,
EU25,European Union - 25 countries (2004-2006),2009,67.45,,
EU25,European Union - 25 countries (2004-2006),2010,71.59,,
EU15,European Union - 15 countries (1995-2004),2002,38.69,,
EU15,European Union - 15 countries (1995-2004),2003,42.8,,
EU15,European Union - 15 countries (1995-2004),2004,46.46,,
EU15,European Union - 15 countries (1995-2004),2005,52.93,,
EU15,European Union - 15 countries (1995-2004),2006,53.88,,
EU15,European Union - 15 countries (1995-2004),2007,59.26,,
EU15,European Union - 15 countries (1995-2004),2008,64.28,,
EU15,European Union - 15 countries (1995-2004),2009,69.1,,
EU15,European Union - 15 countries (1995-2004),2010,73.14,,
EU15,European Union - 15 countries (1995-2004),2011,75.71,,
EU15,European Union - 15 countries (1995-2004),2012,78.54,,
EU15,European Union - 15 countries (1995-2004),2013,81.11,,
EU15,European Union - 15 countries (1995-2004),2014,83.38,,
EU15,European Union - 15 countries (1995-2004),2015,84.72,,
EU15,European Union - 15 countries (1995-2004),2016,87.26,,
EU15,European Union - 15 countries (1995-2004),2017,88.54,,
EU15,European Union - 15 countries (1995-2004),2018,90.23,,
EA,Euro area,2002,35.85,,
EA,Euro area,2003,39.95,,
EA,Euro area,2004,44.19,,
EA,Euro area,2005,49.95,,
EA,Euro area,2006,50.97,,
EA,Euro area,2007,56.91,,
EA,Euro area,2008,61.96,,
EA,Euro area,2009,66.74,,
EA,Euro area,2010,71.05,,
EA,Euro area,2011,73.58,,
EA,Euro area,2012,76.23,,
EA,Euro area,2013,79.08,,
EA,Euro area,2014,81.43,,
EA,Euro area,2015,82.83,,
EA,Euro area,2016,85.37,,
EA,Euro area,2017,86.81,,
EA,Euro area,2018,88.91,,
EA,Euro area,2019,90.48,,
EA,Euro area,2020,91.97,e,estimated
EA,Euro area,2021,92.71,b,break in time series
EA,Euro area,2022,92.61,,
EA,Euro area,2023,93.12,,
EA,Euro area,2024,93.95,,
EA,Euro area,2025,94.55,,
BE,Belgium,2005,50.16,,
BE,Belgium,2006,53.96,,
BE,Belgium,2007,60.16,,
BE,Belgium,2008,63.63,,
BE,Belgium,2009,67.44,,
BE,Belgium,2010,72.74,,
BE,Belgium,2011,76.51,,
BE,Belgium,2012,77.71,,
BE,Belgium,2013,80.05,,
BE,Belgium,2014,82.8,,
BE,Belgium,2015,81.83,,
BE,Belgium,2016,84.79,,
BE,Belgium,2017,85.97,,
BE,Belgium,2018,87.27,,
BE,Belgium,2019,89.73,,
BE,Belgium,2020,90.86,,
BE,Belgium,2021,91.97,,
BE,Belgium,2022,94.44,,
BE,Belgium,2023,94.48,,
BE,Belgium,2024,94.62,,
BE,Belgium,2025,94.68,,
BG,Bulgaria,2004,9.65,,
BG,Bulgaria,2006,17.01,,
BG,Bulgaria,2007,18.96,,
BG,Bulgaria,2008,25.29,,
BG,Bulgaria,2009,29.6,,
BG,Bulgaria,2010,33.11,,
BG,Bulgaria,2011,45.0,,
BG,Bulgaria,2012,50.92,,
BG,Bulgaria,2013,53.71,,
BG,Bulgaria,2014,56.65,,
BG,Bulgaria,2015,59.14,,
BG,Bulgaria,2016,63.54,,
BG,Bulgaria,2017,67.33,,
BG,Bulgaria,2018,72.13,,
BG,Bulgaria,2019,75.07,,
BG,Bulgaria,2020,78.85,,
BG,Bulgaria,2021,83.53,,
BG,Bulgaria,2022,87.31,,
BG,Bulgaria,2023,88.5,,
BG,Bulgaria,2024,92.12,,
BG,Bulgaria,2025,92.82,,
CZ,Czechia,2003,14.79,,
CZ,Czechia,2004,19.37,,
CZ,Czechia,2005,19.05,,
CZ,Czechia,2006,29.25,,
CZ,Czechia,2007,35.12,,
CZ,Czechia,2008,45.86,,
CZ,Czechia,2009,54.18,,
CZ,Czechia,2010,60.52,,
CZ,Czechia,2011,66.63,,
CZ,Czechia,2012,72.55,,
CZ,Czechia,2013,72.62,,
CZ,Czechia,2014,77.99,,
CZ,Czechia,2015,78.98,,
CZ,Czechia,2016,81.65,,
CZ,Czechia,2017,83.24,,
CZ,Czechia,2018,86.36,,
CZ,Czechia,2019,87.0,,
CZ,Czechia,2020,88.02,,
CZ,Czechia,2021,89.31,,
CZ,Czechia,2022,91.48,,
CZ,Czechia,2023,92.8,,
CZ,Czechia,2024,94.56,,
CZ,Czechia,2025,95.47,,
DK,Denmark,2002,55.64,,
DK,Denmark,2003,64.19,,
DK,Denmark,2004,69.36,,
DK,Denmark,2005,74.92,,
DK,Denmark,2006,78.73,,
DK,Denmark,2007,78.05,,
DK,Denmark,2008,81.88,,
DK,Denmark,2009,82.53,,
DK,Denmark,2010,86.1,,
DK,Denmark,2011,90.08,,
DK,Denmark,2012,92.0,,
DK,Denmark,2013,92.71,,
DK,Denmark,2014,93.12,,
DK,Denmark,2015,91.74,,
DK,Denmark,2016,94.34,,
DK,Denmark,2017,97.0,,
DK,Denmark,2018,92.66,,
DK,Denmark,2019,95.43,,
DK,Denmark,2020,95.27,,
DK,Denmark,2021,96.14,,
DK,Denmark,2022,95.16,,
DK,Denmark,2023,96.09,,
DK,Denmark,2024,96.92,,
DK,Denmark,2025,97.42,,
DE,Germany,2002,46.14,,
DE,Germany,2003,54.08,,
DE,Germany,2004,60.0,,
DE,Germany,2005,61.64,,
DE,Germany,2006,67.11,,
DE,Germany,2007,70.67,,
DE,Germany,2008,74.88,,
DE,Germany,2009,79.07,,
DE,Germany,2010,82.49,,
DE,Germany,2011,83.25,,
DE,Germany,2012,85.5,,
DE,Germany,2013,87.75,,
DE,Germany,2014,89.47,,
DE,Germany,2015,90.29,,
DE,Germany,2016,92.14,,
DE,Germany,2017,92.86,,
DE,Germany,2018,94.39,,
DE,Germany,2019,94.83,,
DE,Germany,2020,95.8,,
DE,Germany,2021,91.88,b,break in time series
DE,Germany,2022,91.41,,
DE,Germany,2023,91.66,,
DE,Germany,2024,92.65,,
DE,Germany,2025,93.63,,
EE,Estonia,2004,30.76,,
EE,Estonia,2005,36.79,,
EE,Estonia,2006,45.18,,
EE,Estonia,2007,52.2,,
EE,Estonia,2008,57.35,,
EE,Estonia,2009,61.85,,
EE,Estonia,2010,66.89,,
EE,Estonia,2011,69.39,,
EE,Estonia,2012,73.82,,
EE,Estonia,2013,79.31,,
EE,Estonia,2014,82.9,b,break in time series
EE,Estonia,2015,87.73,,
EE,Estonia,2016,86.19,,
EE,Estonia,2017,88.27,,
EE,Estonia,2018,90.47,,
EE,Estonia,2019,90.43,,
EE,Estonia,2020,89.98,,
EE,Estonia,2021,91.82,,
EE,Estonia,2022,92.41,,
EE,Estonia,2023,93.22,,
EE,Estonia,2024,92.89,,
EE,Estonia,2025,95.4,,
IE,Ireland,2003,35.57,,
IE,Ireland,2004,39.73,,
IE,Ireland,2005,47.18,,
IE,Ireland,2006,49.95,,
IE,Ireland,2007,57.27,,
IE,Ireland,2008,63.05,,
IE,Ireland,2009,66.67,,
IE,Ireland,2010,71.69,,
IE,Ireland,2011,78.12,,
IE,Ireland,2012,81.09,,
IE,Ireland,2013,82.39,,
IE,Ireland,2014,82.17,,
IE,Ireland,2015,84.86,,
IE,Ireland,2016,86.91,,
IE,Ireland,2017,88.37,,
IE,Ireland,2018,89.11,,
IE,Ireland,2019,90.59,,
IE,Ireland,2020,91.82,,
IE,Ireland,2021,97.5,b,break in time series
IE,Ireland,2022,,u,low reliability
IE,Ireland,2023,93.92,,
IE,Ireland,2024,92.97,,
IE,Ireland,2025,95.51,,
EL,Greece,2002,12.15,,
EL,Greece,2003,16.3,,
EL,Greece,2004,16.54,,
EL,Greece,2005,21.73,,
EL,Greece,2006,23.12,,
EL,Greece,2007,25.4,,
EL,Greece,2008,30.96,,
EL,Greece,2009,38.06,,
EL,Greece,2010,46.35,,
EL,Greece,2011,50.17,,
EL,Greece,2012,53.58,,
EL,Greece,2013,56.31,,
EL,Greece,2014,65.55,,
EL,Greece,2015,68.09,,
EL,Greece,2016,69.13,,
EL,Greece,2017,70.96,,
EL,Greece,2018,76.49,,
EL,Greece,2019,78.54,,
EL,Greece,2020,80.38,,
EL,Greece,2021,85.07,,
EL,Greece,2022,85.49,,
EL,Greece,2023,86.9,,
EL,Greece,2024,86.89,,
EL,Greece,2025,88.73,,
ES,Spain,2003,27.55,,
ES,Spain,2004,33.64,,
ES,Spain,2005,35.51,,
ES,Spain,2006,38.04,,
ES,Spain,2007,43.48,,
ES,Spain,2008,49.86,,
ES,Spain,2009,52.93,,
ES,Spain,2010,57.82,,
ES,Spain,2011,62.71,,
ES,Spain,2012,66.59,,
ES,Spain,2013,69.73,,
ES,Spain,2014,74.35,,
ES,Spain,2015,78.75,,
ES,Spain,2016,81.93,,
ES,Spain,2017,83.39,,
ES,Spain,2018,86.36,,
ES,Spain,2019,91.44,,
ES,Spain,2020,95.38,,
ES,Spain,2021,95.92,,
ES,Spain,2022,96.08,,
ES,Spain,2023,96.45,,
ES,Spain,2024,96.83,,
ES,Spain,2025,97.43,,
FR,France,2002,23.04,,
FR,France,2003,30.98,,
FR,France,2004,33.61,,
FR,France,2006,40.93,,
FR,France,2007,55.05,,
FR,France,2008,62.32,,
FR,France,2009,68.87,,
FR,France,2010,73.61,,
FR,France,2011,75.92,,
FR,France,2012,80.0,,
FR,France,2013,81.72,,
FR,France,2014,82.96,,
FR,France,2015,82.62,,
FR,France,2016,85.87,,
FR,France,2017,86.41,,
FR,France,2018,88.56,,
FR,France,2019,90.17,,
FR,France,2021,93.33,,
FR,France,2022,92.25,,
FR,France,2023,93.34,,
FR,France,2024,94.44,,
FR,France,2025,94.43,,
HR,Croatia,2007,40.59,,
HR,Croatia,2008,45.26,,
HR,Croatia,2009,50.04,,
HR,Croatia,2010,56.5,,
HR,Croatia,2011,61.41,,
HR,Croatia,2012,66.41,,
HR,Croatia,2013,64.58,,
HR,Croatia,2014,68.37,,
HR,Croatia,2015,76.71,,
HR,Croatia,2016,77.34,,
HR,Croatia,2017,76.45,,
HR,Croatia,2018,81.52,,
HR,Croatia,2019,80.52,,
HR,Croatia,2020,85.0,,
HR,Croatia,2021,86.09,,
HR,Croatia,2022,85.52,,
HR,Croatia,2023,89.56,,
HR,Croatia,2024,88.37,,
HR,Croatia,2025,87.91,,
IT,Italy,2002,33.75,,
IT,Italy,2003,32.08,,
IT,Italy,2004,34.11,,
IT,Italy,2005,38.58,,
IT,Italy,2006,40.01,,
IT,Italy,2007,43.38,,
IT,Italy,2008,46.93,,
IT,Italy,2009,53.48,,
IT,Italy,2010,58.97,,
IT,Italy,2011,61.57,,
IT,Italy,2012,62.92,,
IT,Italy,2013,68.91,,
IT,Italy,2014,72.61,,
IT,Italy,2015,75.39,,
IT,Italy,2016,78.51,,
IT,Italy,2017,81.02,,
IT,Italy,2018,84.34,,
IT,Italy,2019,85.17,,
IT,Italy,2020,88.1,,
IT,Italy,2021,90.49,,
IT,Italy,2022,91.45,,
IT,Italy,2023,91.89,,
IT,Italy,2024,93.41,,
IT,Italy,2025,94.12,,
CY,Cyprus,2002,24.0,,
CY,Cyprus,2003,29.0,,
CY,Cyprus,2004,52.77,,
CY,Cyprus,2005,31.71,,
CY,Cyprus,2006,36.67,,
CY,Cyprus,2007,38.9,,
CY,Cyprus,2008,42.92,,
CY,Cyprus,2009,52.76,,
CY,Cyprus,2010,53.71,,
CY,Cyprus,2011,57.35,,
CY,Cyprus,2012,61.82,,
CY,Cyprus,2013,64.71,,
CY,Cyprus,2014,68.64,,
CY,Cyprus,2015,71.21,,
CY,Cyprus,2016,74.35,,
CY,Cyprus,2017,79.41,,
CY,Cyprus,2018,86.17,,
CY,Cyprus,2019,89.61,,
CY,Cyprus,2020,92.78,,
CY,Cyprus,2021,93.41,,
CY,Cyprus,2022,94.0,,
CY,Cyprus,2023,92.3,,
CY,Cyprus,2024,94.92,,
CY,Cyprus,2025,97.48,,
LV,Latvia,2002,3.0,,
LV,Latvia,2004,14.65,,
LV,Latvia,2005,30.52,,
LV,Latvia,2006,42.2,,
LV,Latvia,2007,50.53,,
LV,Latvia,2008,52.81,,
LV,Latvia,2009,58.02,,
LV,Latvia,2010,59.77,,
LV,Latvia,2011,63.64,,
LV,Latvia,2012,68.68,,
LV,Latvia,2013,71.6,,
LV,Latvia,2014,73.38,,
LV,Latvia,2015,76.0,,
LV,Latvia,2016,77.34,b,break in time series
LV,Latvia,2017,78.61,,
LV,Latvia,2018,81.58,,
LV,Latvia,2019,85.45,,
LV,Latvia,2020,89.73,,
LV,Latvia,2021,91.15,,
LV,Latvia,2022,91.39,,
LV,Latvia,2023,93.07,,
LV,Latvia,2024,94.33,,
LV,Latvia,2025,94.08,,
LT,Lithuania,2002,4.1,,
LT,Lithuania,2003,6.15,,
LT,Lithuania,2004,11.6,,
LT,Lithuania,2005,15.78,,
LT,Lithuania,2006,34.51,,
LT,Lithuania,2007,44.36,,
LT,Lithuania,2008,50.94,,
LT,Lithuania,2009,60.0,,
LT,Lithuania,2010,60.58,,
LT,Lithuania,2011,60.14,,
LT,Lithuania,2012,60.12,,
LT,Lithuania,2013,64.73,,
LT,Lithuania,2014,65.97,,
LT,Lithuania,2015,68.26,,
LT,Lithuania,2016,71.75,,
LT,Lithuania,2017,74.97,,
LT,Lithuania,2018,78.38,,
LT,Lithuania,2019,81.52,,
LT,Lithuania,2020,82.13,,
LT,Lithuania,2021,86.55,,
LT,Lithuania,2022,87.71,,
LT,Lithuania,2023,88.59,,
LT,Lithuania,2024,90.38,,
LT,Lithuania,2025,89.35,,
LU,Luxembourg,2002,39.89,,
LU,Luxembourg,2003,45.39,,
LU,Luxembourg,2004,58.64,,
LU,Luxembourg,2005,64.58,,
LU,Luxembourg,2006,70.18,,
LU,Luxembourg,2007,74.55,,
LU,Luxembourg,2008,80.09,,
LU,Luxembourg,2009,87.2,,
LU,Luxembourg,2010,90.28,,
LU,Luxembourg,2011,90.62,,
LU,Luxembourg,2012,93.08,,
LU,Luxembourg,2013,94.46,,
LU,Luxembourg,2014,95.56,,
LU,Luxembourg,2015,96.78,,
LU,Luxembourg,2016,97.04,,
LU,Luxembourg,2017,97.23,,
LU,Luxembourg,2018,92.99,b,break in time series
LU,Luxembourg,2019,95.2,,
LU,Luxembourg,2020,93.57,,
LU,Luxembourg,2021,99.18,,
LU,Luxembourg,2022,97.64,,
LU,Luxembourg,2023,99.06,,
LU,Luxembourg,2024,98.84,,
LU,Luxembourg,2025,99.07,,
HU,Hungary,2004,14.18,,
HU,Hungary,2005,22.12,,
HU,Hungary,2006,31.65,,
HU,Hungary,2007,37.72,,
HU,Hungary,2008,46.63,,
HU,Hungary,2009,53.42,,
HU,Hungary,2010,58.41,,
HU,Hungary,2011,63.22,,
HU,Hungary,2012,66.81,,
HU,Hungary,2013,69.66,,
HU,Hungary,2014,73.06,,
HU,Hungary,2015,75.64,,
HU,Hungary,2016,79.18,,
HU,Hungary,2017,82.35,,
HU,Hungary,2018,83.31,,
HU,Hungary,2019,86.2,,
HU,Hungary,2020,87.63,,
HU,Hungary,2021,90.78,,
HU,Hungary,2022,91.44,,
HU,Hungary,2023,92.73,,
HU,Hungary,2024,94.78,,
HU,Hungary,2025,93.9,,
MT,Malta,2005,40.57,,
MT,Malta,2006,52.78,,
MT,Malta,2007,53.92,,
MT,Malta,2008,59.0,,
MT,Malta,2009,64.45,,
MT,Malta,2010,70.45,,
MT,Malta,2011,75.29,,
MT,Malta,2012,76.7,,
MT,Malta,2013,78.04,,
MT,Malta,2014,80.32,,
MT,Malta,2015,81.0,,
MT,Malta,2016,81.41,,
MT,Malta,2017,84.77,,
MT,Malta,2018,84.14,,
MT,Malta,2019,86.08,,
MT,Malta,2020,90.36,,
MT,Malta,2021,90.54,,
MT,Malta,2022,93.39,,
MT,Malta,2023,93.54,,
MT,Malta,2024,95.58,,
MT,Malta,2025,97.77,,
NL,Netherlands,2002,58.0,,
NL,Netherlands,2003,60.53,,
NL,Netherlands,2004,64.99,,
NL,Netherlands,2005,78.26,,
NL,Netherlands,2006,80.26,,
NL,Netherlands,2007,82.89,,
NL,Netherlands,2008,86.08,,
NL,Netherlands,2009,89.7,,
NL,Netherlands,2010,90.89,,
NL,Netherlands,2011,93.64,,
NL,Netherlands,2012,93.55,,
NL,Netherlands,2013,94.63,,
NL,Netherlands,2014,95.78,,
NL,Netherlands,2015,95.97,,
NL,Netherlands,2016,96.66,,
NL,Netherlands,2017,98.23,,
NL,Netherlands,2018,98.0,,
NL,Netherlands,2019,98.41,,
NL,Netherlands,2020,96.95,,
NL,Netherlands,2021,98.56,,
NL,Netherlands,2022,98.28,,
NL,Netherlands,2023,98.86,,
NL,Netherlands,2024,99.04,,
NL,Netherlands,2025,99.28,,
AT,Austria,2002,33.47,,
AT,Austria,2003,37.37,,
AT,Austria,2004,44.65,,
AT,Austria,2005,46.69,,
AT,Austria,2006,52.3,,
AT,Austria,2007,59.62,,
AT,Austria,2008,68.92,,
AT,Austria,2009,69.75,,
AT,Austria,2010,72.89,,
AT,Austria,2011,75.44,,
AT,Austria,2012,79.28,,
AT,Austria,2013,80.86,,
AT,Austria,2014,80.99,,
AT,Austria,2015,82.42,,
AT,Austria,2016,85.09,,
AT,Austria,2017,88.79,,
AT,Austria,2018,88.78,,
AT,Austria,2019,89.91,,
AT,Austria,2020,90.4,,
AT,Austria,2021,95.0,,
AT,Austria,2022,93.15,,
AT,Austria,2023,94.98,,
AT,Austria,2024,94.96,,
AT,Austria,2025,95.45,,
PL,Poland,2002,11.0,,
PL,Poland,2003,14.0,,
PL,Poland,2004,26.02,,
PL,Poland,2005,30.44,,
PL,Poland,2006,35.94,,
PL,Poland,2007,40.98,,
PL,Poland,2008,47.6,,
PL,Poland,2009,58.59,,
PL,Poland,2010,63.44,,
PL,Poland,2011,66.64,,
PL,Poland,2012,70.49,,
PL,Poland,2013,71.9,,
PL,Poland,2014,74.76,,
PL,Poland,2015,75.78,,
PL,Poland,2016,80.45,,
PL,Poland,2017,81.88,,
PL,Poland,2018,84.19,,
PL,Poland,2019,86.75,,
PL,Poland,2020,90.38,,
PL,Poland,2021,92.42,,
PL,Poland,2022,93.33,,
PL,Poland,2023,93.3,,
PL,Poland,2024,95.89,,
PL,Poland,2025,96.2,,
PT,Portugal,2002,15.12,,
PT,Portugal,2003,21.69,,
PT,Portugal,2004,26.17,,
PT,Portugal,2005,31.46,,
PT,Portugal,2006,35.15,,
PT,Portugal,2007,39.61,,
PT,Portugal,2008,46.04,,
PT,Portugal,2009,47.89,,
PT,Portugal,2010,53.73,,
PT,Portugal,2011,57.97,,
PT,Portugal,2012,61.02,,
PT,Portugal,2013,62.34,,
PT,Portugal,2014,64.87,,
PT,Portugal,2015,70.23,,
PT,Portugal,2016,74.05,,
PT,Portugal,2017,76.94,,
PT,Portugal,2018,79.43,,
PT,Portugal,2019,80.94,,
PT,Portugal,2020,84.49,,
PT,Portugal,2021,87.34,,
PT,Portugal,2022,88.15,,
PT,Portugal,2023,89.01,,
PT,Portugal,2024,90.6,,
PT,Portugal,2025,91.08,,
RO,Romania,2004,5.58,,
RO,Romania,2006,14.25,,
RO,Romania,2007,22.25,,
RO,Romania,2008,29.6,,
RO,Romania,2009,37.95,,
RO,Romania,2010,42.18,,
RO,Romania,2011,47.44,,
RO,Romania,2012,53.77,,
RO,Romania,2013,58.07,,
RO,Romania,2014,60.54,b,break in time series
RO,Romania,2015,67.71,,
RO,Romania,2016,72.4,,
RO,Romania,2017,76.45,,
RO,Romania,2018,80.89,,
RO,Romania,2019,83.61,,
RO,Romania,2020,86.24,,
RO,Romania,2021,88.74,,
RO,Romania,2022,89.41,,
RO,Romania,2023,92.0,,
RO,Romania,2024,94.57,,
RO,Romania,2025,95.47,,
SI,Slovenia,2004,46.86,,
SI,Slovenia,2005,48.21,,
SI,Slovenia,2006,54.36,,
SI,Slovenia,2007,57.61,,
SI,Slovenia,2008,58.89,,
SI,Slovenia,2009,63.94,,
SI,Slovenia,2010,68.13,,
SI,Slovenia,2011,72.6,,
SI,Slovenia,2012,73.94,,
SI,Slovenia,2013,75.62,,
SI,Slovenia,2014,76.8,,
SI,Slovenia,2015,77.64,,
SI,Slovenia,2016,78.42,,
SI,Slovenia,2017,81.74,,
SI,Slovenia,2018,86.68,,
SI,Slovenia,2019,88.96,,
SI,Slovenia,2020,89.97,,
SI,Slovenia,2021,93.04,,
SI,Slovenia,2022,92.6,,
SI,Slovenia,2023,93.72,,
SI,Slovenia,2024,94.13,,
SI,Slovenia,2025,93.53,,
SK,Slovakia,2004,23.34,,
SK,Slovakia,2005,22.97,,
SK,Slovakia,2006,26.58,,
SK,Slovakia,2007,46.11,,
SK,Slovakia,2008,58.34,,
SK,Slovakia,2009,62.23,,
SK,Slovakia,2010,67.48,,
SK,Slovakia,2011,70.78,,
SK,Slovakia,2012,75.44,,
SK,Slovakia,2013,77.91,,
SK,Slovakia,2014,78.35,,
SK,Slovakia,2015,79.48,,
SK,Slovakia,2016,80.52,,
SK,Slovakia,2017,81.33,,
SK,Slovakia,2018,80.84,,
SK,Slovakia,2019,82.19,,
SK,Slovakia,2020,85.78,,
SK,Slovakia,2021,89.96,,
SK,Slovakia,2022,90.65,,
SK,Slovakia,2023,90.6,,
SK,Slovakia,2024,90.54,,
SK,Slovakia,2025,92.49,,
FI,Finland,2002,44.28,,
FI,Finland,2003,47.36,,
FI,Finland,2004,50.91,,
FI,Finland,2005,54.14,,
FI,Finland,2006,64.73,,
FI,Finland,2007,68.78,,
FI,Finland,2008,72.38,,
FI,Finland,2009,77.78,,
FI,Finland,2010,80.54,,
FI,Finland,2011,84.16,,
FI,Finland,2012,86.8,,
FI,Finland,2013,89.24,,
FI,Finland,2014,89.83,,
FI,Finland,2015,89.93,,
FI,Finland,2016,91.95,,
FI,Finland,2017,94.42,,
FI,Finland,2018,94.28,,
FI,Finland,2019,94.36,,
FI,Finland,2020,96.0,,
FI,Finland,2021,96.56,,
FI,Finland,2022,97.59,,
FI,Finland,2023,96.78,,
FI,Finland,2024,97.35,,
FI,Finland,2025,97.62,,
SE,Sweden,2005,72.53,,
SE,Sweden,2006,77.39,,
SE,Sweden,2007,78.55,,
SE,Sweden,2008,84.44,,
SE,Sweden,2009,85.98,,
SE,Sweden,2010,88.3,,
SE,Sweden,2011,90.64,,
SE,Sweden,2012,91.69,,
SE,Sweden,2013,92.59,,
SE,Sweden,2014,89.57,,
SE,Sweden,2015,91.03,,
SE,Sweden,2016,93.8,b,break in time series
SE,Sweden,2017,94.73,,
SE,Sweden,2018,93.42,,
SE,Sweden,2019,96.06,,
SE,Sweden,2020,93.94,,
SE,Sweden,2021,93.23,,
SE,Sweden,2022,94.33,,
SE,Sweden,2023,94.87,,
SE,Sweden,2024,95.43,,
SE,Sweden,2025,95.72,,
IS,Iceland,2004,80.59,,
IS,Iceland,2005,84.41,,
IS,Iceland,2006,83.02,,
IS,Iceland,2007,83.7,,
IS,Iceland,2008,87.73,,
IS,Iceland,2009,89.59,,
IS,Iceland,2010,92.04,,
IS,Iceland,2011,92.59,,
IS,Iceland,2012,94.6,,
IS,Iceland,2013,96.41,,
IS,Iceland,2014,96.48,,
IS,Iceland,2017,97.86,,
IS,Iceland,2018,99.18,,
IS,Iceland,2019,97.7,,
IS,Iceland,2020,98.48,,
IS,Iceland,2021,98.36,,
NO,Norway,2003,60.49,,
NO,Norway,2004,60.09,,
NO,Norway,2005,64.01,,
NO,Norway,2006,68.79,,
NO,Norway,2007,77.59,,
NO,Norway,2008,83.97,,
NO,Norway,2009,85.56,,
NO,Norway,2010,89.79,,
NO,Norway,2011,92.24,,
NO,Norway,2012,92.69,,
NO,Norway,2013,94.29,,
NO,Norway,2014,93.07,,
NO,Norway,2015,96.6,,
NO,Norway,2016,97.05,,
NO,Norway,2017,96.65,,
NO,Norway,2018,96.01,,
NO,Norway,2019,98.38,,
NO,Norway,2020,96.2,,
NO,Norway,2021,98.93,,
NO,Norway,2022,99.01,,
NO,Norway,2023,99.01,,
NO,Norway,2024,98.1,,
NO,Norway,2025,99.04,,
CH,Switzerland,2014,90.63,,
CH,Switzerland,2017,93.06,b,break in time series
CH,Switzerland,2019,95.51,,
CH,Switzerland,2021,98.67,,
CH,Switzerland,2023,99.66,,
CH,Switzerland,2025,98.99,,
UK,United Kingdom,2002,49.72,,
UK,United Kingdom,2003,55.11,,
UK,United Kingdom,2004,55.9,,
UK,United Kingdom,2005,60.23,,
UK,United Kingdom,2006,62.64,,
UK,United Kingdom,2007,66.72,,
UK,United Kingdom,2008,71.14,,
UK,United Kingdom,2009,76.69,,
UK,United Kingdom,2010,79.61,,
UK,United Kingdom,2011,82.7,,
UK,United Kingdom,2012,86.8,,
UK,United Kingdom,2013,88.45,,
UK,United Kingdom,2014,90.34,,
UK,United Kingdom,2015,91.25,,
UK,United Kingdom,2016,93.48,,
UK,United Kingdom,2017,93.99,,
UK,United Kingdom,2018,94.85,,
UK,United Kingdom,2019,95.85,,
UK,United Kingdom,2020,97.3,,
BA,Bosnia and Herzegovina,2018,69.19,,
BA,Bosnia and Herzegovina,2019,72.03,,
BA,Bosnia and Herzegovina,2020,72.84,,
BA,Bosnia and Herzegovina,2021,75.49,,
BA,Bosnia and Herzegovina,2023,81.55,,
BA,Bosnia and Herzegovina,2024,84.19,,
BA,Bosnia and Herzegovina,2025,88.22,,
ME,Montenegro,2012,54.99,,
ME,Montenegro,2017,70.57,,
ME,Montenegro,2018,72.18,,
ME,Montenegro,2019,74.25,,
ME,Montenegro,2020,80.26,,
ME,Montenegro,2021,80.76,,
ME,Montenegro,2022,80.96,,
ME,Montenegro,2023,81.28,,
ME,Montenegro,2024,84.5,,
ME,Montenegro,2025,88.07,,
MK,North Macedonia,2004,11.18,,
MK,North Macedonia,2006,13.9,,
MK,North Macedonia,2008,29.36,,
MK,North Macedonia,2009,41.79,,
MK,North Macedonia,2010,46.1,,
MK,North Macedonia,2012,58.3,,
MK,North Macedonia,2013,65.08,,
MK,North Macedonia,2014,68.34,,
MK,North Macedonia,2015,69.38,,
MK,North Macedonia,2016,75.29,,
MK,North Macedonia,2017,73.58,,
MK,North Macedonia,2018,79.32,,
MK,North Macedonia,2019,81.62,,
MK,North Macedonia,2020,79.39,,
MK,North Macedonia,2021,83.74,,
MK,North Macedonia,2024,90.81,,
MK,North Macedonia,2025,91.21,,
AL,Albania,2018,83.64,,
AL,Albania,2019,85.45,,
AL,Albania,2020,87.15,,
AL,Albania,2021,90.87,,
AL,Albania,2022,98.44,,
AL,Albania,2023,97.72,,
AL,Albania,2024,98.15,,
AL,Albania,2025,99.27,,
RS,Serbia,2007,26.27,,
RS,Serbia,2009,36.66,,
RS,Serbia,2015,63.76,,
RS,Serbia,2017,68.03,,
RS,Serbia,2018,72.91,,
RS,Serbia,2019,80.14,,
RS,Serbia,2020,80.95,,
RS,Serbia,2021,81.51,,
RS,Serbia,2022,83.24,,
RS,Serbia,2023,85.39,,
RS,Serbia,2024,88.85,,
RS,Serbia,2025,90.09,,
TR,Türkiye,2004,7.02,,
TR,Türkiye,2005,7.66,,
TR,Türkiye,2007,19.71,,
TR,Türkiye,2008,25.41,,
TR,Türkiye,2009,30.03,,
TR,Türkiye,2010,41.63,,
TR,Türkiye,2012,47.2,,
TR,Türkiye,2013,49.08,,
TR,Türkiye,2014,60.24,,
TR,Türkiye,2015,69.54,,
TR,Türkiye,2016,76.34,,
TR,Türkiye,2017,80.74,,
TR,Türkiye,2018,83.79,,
TR,Türkiye,2019,88.3,,
TR,Türkiye,2020,90.73,,
TR,Türkiye,2021,91.98,,
TR,Türkiye,2022,94.15,,
TR,Türkiye,2023,95.54,,
TR,Türkiye,2024,96.45,,
TR,Türkiye,2025,96.18,,
XK,Kosovo*,2017,88.77,,
XK,Kosovo*,2018,93.2,,
XK,Kosovo*,2019,93.19,,
XK,Kosovo*,2020,96.44,,
XK,Kosovo*,2024,99.05,,
XK,Kosovo*,2025,99.35,,
